Estado,Tag
SP,Versão antiga
ES,Versão antiga
MG,IOS
MS,Versão antiga
SP,Como adquirir 
,Versão antiga
,Como adquirir 
MA,Versão antiga
BA,Como adquirir 
PA,Como adquirir 
RJ,IOS
MG,IOS
PR,Versão antiga
MT,IOS
MG,Como adquirir 
BA,IOS
MG,Versão antiga
GO,IOS
SP,Como adquirir 
SP,IOS
BA,Versão antiga
SP,Como adquirir 
MT,Como adquirir 
AL,Como adquirir 
BA,Versão antiga
MG,Versão antiga
PR,Como adquirir 
MG,Versão antiga
SP,Como adquirir 
MG,Versão antiga
GO,Como adquirir 
PB,Versão antiga
SP,IOS
SP,Como adquirir 
MT,Como adquirir 
GO,IOS
SP,Como adquirir 
SP,IOS
MG,Como adquirir 
PR,Como adquirir 
ES,Versão antiga
MG,IOS
MG,Como adquirir 
MG,Versão antiga
PA,Versão antiga
PR,Versão antiga
,Como adquirir 
PR,Versão antiga
MG,Como adquirir 
PE,Como adquirir 
PE,Versão antiga
SC,Versão antiga
MG,Versão antiga
GO,Como adquirir 
MG,Como adquirir 
CE,Como adquirir 
MG,Como adquirir 
MG,IOS
SE,Como adquirir 
GO,Versão antiga
MA,IOS
SP,Versão antiga
MG,Como adquirir 
MS,Versão antiga
MG,Como adquirir 
SP,Versão antiga
MT,Como adquirir 
RS,Como adquirir 
SP,IOS
MG,Como adquirir 
PE,Como adquirir 
RJ,Como adquirir 
BA,Versão antiga
GO,Como adquirir 
PA,Versão antiga
AL,IOS
GO,IOS
MG,Versão antiga
Peru,Versão antiga
CE,Como adquirir 
MG,Como adquirir 
SC,Como adquirir 
DF,Como adquirir 
MG,Versão antiga
RO,Como adquirir 
DF,Versão antiga
MA,Versão antiga
SP,Como adquirir 
MS,Versão antiga
SP,IOS
MT,Versão antiga
GO,Versão antiga
SP,Versão antiga
Bolivia,Versão antiga
MG,Como adquirir 
MG,Versão antiga
RS,Como adquirir 
MG,IOS
MG,Como adquirir 
GO,Como adquirir 
GO,IOS
RJ,Como adquirir 
MG,Como adquirir 
GO,Como adquirir 
GO,Como adquirir 
PA,Como adquirir 
MT,Versão antiga
SE,Como adquirir 
MG,Versão antiga
RS,Versão antiga
MT,
SP,Versão antiga
SC,Versão antiga
MG,Como adquirir 
MG,Como adquirir 
GO,Como adquirir 
MG,IOS
DF,Como adquirir 
MG,Como adquirir 
RO,
MS,Como adquirir 
MG,Como adquirir 
GO,Como adquirir 
MT,IOS
CE,Como adquirir 
Mexico,Versão antiga
MA,Como adquirir 
BA,Como adquirir 
MG,IOS
DF,Como adquirir 
ES,Versão antiga
MS,Como adquirir 
MG,Como adquirir 
SP,Como adquirir 
MA,Como adquirir 
MG,Versão antiga
MG,IOS
SP,Como adquirir 
GO,Versão antiga
SP,Como adquirir 
MG,Versão antiga
Nicaragua,Como adquirir 
PI,Como adquirir 
MG,IOS
MG,Como adquirir 
MG,
BA,Como adquirir 
PR,Como adquirir 
MG,Como adquirir 
GO,Como adquirir 
MG,Como adquirir 
RS,Como adquirir 
PE,IOS
GO,Como adquirir 
MA,Como adquirir 
SP,IOS
MG,IOS
MT,Como adquirir 
MT,Como adquirir 
MS,Como adquirir 
SP,Como adquirir 
SP,Como adquirir 
SP,Como adquirir 
GO,
GO,Como adquirir 
